field width,field height,obstacle width,obstacle height,num mobiles,num statics,num obstacles,tag,mean uptime,error rate
500,400,40,40,50,50,30,single,710395.7727272727,78.0
700,400,40,40,50,50,30,single,713511.125,92.0
900,400,40,40,50,50,30,single,698770.625,92.0
1000,400,40,40,50,50,30,single,683172.5,98.0
300,400,40,40,50,50,30,single,726408.5,48.0
400,400,40,40,50,50,30,single,725819.6842105263,62.00000000000002
600,400,40,40,50,50,30,single,715186.0,87.0
800,400,40,40,50,50,30,single,703628.3333333334,97.0
