field width,field height,obstacle width,obstacle height,num mobiles,num statics,num obstacles,tag,mean uptime,error rate
500,400,40,40,50,50,30,multi-u,727442.9569892471,6.999999999999998
700,400,40,40,50,50,30,multi-u,716724.9673913046,7.999999999999999
900,400,40,40,50,50,30,multi-u,697739.7252747255,8.999999999999996
1000,400,40,40,50,50,30,multi-u,687239.8636363639,12.000000000000002
300,400,40,40,50,50,30,multi-u,737734.5730337079,11.0
400,400,40,40,50,50,30,multi-u,734062.1208791208,8.999999999999998
600,400,40,40,50,50,30,multi-u,722648.1684210526,4.999999999999998
800,400,40,40,50,50,30,multi-u,705652.7934782607,7.999999999999999
