field width,field height,obstacle width,obstacle height,num mobiles,num statics,num obstacles,tag,mean uptime,error rate
500,400,40,40,50,50,30,multi-u,728715.159574468,5.999999999999999
700,400,40,40,50,50,30,multi-u,715539.8043478258,7.999999999999999
900,400,40,40,50,50,30,multi-u,696591.3516483518,9.0
1000,400,40,40,50,50,30,multi-u,685769.6777777779,10.0
300,400,40,40,50,50,30,multi-u,736297.4945054947,9.0
400,400,40,40,50,50,30,multi-u,733340.5217391303,8.0
600,400,40,40,50,50,30,multi-u,721846.2291666666,3.9999999999999996
800,400,40,40,50,50,30,multi-u,705883.1208791209,9.0
