field width,field height,obstacle width,obstacle height,num mobiles,num statics,num obstacles,tag,mean uptime,error rate
500,400,40,40,50,50,30,single,712311.6785714285,72.0
700,400,40,40,50,50,30,single,713009.4,89.99999999999999
900,400,40,40,50,50,30,single,696880.75,92.0
1000,400,40,40,50,50,30,single,683106.5,98.0
300,400,40,40,50,50,30,single,727468.2545454545,45.0
400,400,40,40,50,50,30,single,724560.7857142857,58.00000000000001
600,400,40,40,50,50,30,single,716147.8333333334,88.0
800,400,40,40,50,50,30,single,707154.0,98.0
