field width,field height,obstacle width,obstacle height,num mobiles,num statics,num obstacles,tag,mean uptime,error rate
600,400,40,40,90,10,30,multi-u,731265.7065217391,7.999999999999999
600,400,40,40,20,80,30,multi-u,700735.6000000002,20.0
600,400,40,40,100,0,30,multi-u,731184.8105263154,5.0
600,400,40,40,80,20,30,multi-u,729600.5578947365,5.0
600,400,40,40,40,60,30,multi-u,715814.5287356323,12.999999999999998
600,400,40,40,30,70,30,multi-u,707952.5555555555,19.000000000000014
600,400,40,40,50,50,30,multi-u,722030.0105263161,5.0
600,400,40,40,60,40,30,multi-u,724399.159574468,5.999999999999999
600,400,40,40,70,30,30,multi-u,727997.5789473684,5.0
