field width,field height,obstacle width,obstacle height,num mobiles,num statics,num obstacles,tag,mean uptime,error rate
600,400,40,40,90,10,30,single,715042.9090909091,89.0
600,400,40,40,20,80,30,single,696119.3333333334,94.0
600,400,40,40,100,0,30,single,721263.3076923077,86.99999999999999
600,400,40,40,80,20,30,single,726979.875,92.0
600,400,40,40,40,60,30,single,718772.2,90.0
600,400,40,40,30,70,30,single,702879.8823529412,83.0
600,400,40,40,50,50,30,single,710703.6153846154,87.0
600,400,40,40,60,40,30,single,721498.9,90.0
600,400,40,40,70,30,30,single,718484.4,90.0
