field width,field height,obstacle width,obstacle height,num mobiles,num statics,num obstacles,tag,mean uptime,error rate
600,400,40,40,90,10,30,single,718363.5,92.0
600,400,40,40,20,80,30,single,699192.2222222222,91.0
600,400,40,40,100,0,30,single,717520.9166666666,88.0
600,400,40,40,80,20,30,single,729830.5714285715,93.0
600,400,40,40,40,60,30,single,711926.0,87.0
600,400,40,40,30,70,30,single,703689.2666666667,85.0
600,400,40,40,50,50,30,single,719020.9230769231,87.0
600,400,40,40,60,40,30,single,722968.3333333334,91.0
600,400,40,40,70,30,30,single,722583.2857142857,93.0
