field width,field height,obstacle width,obstacle height,num mobiles,num statics,num obstacles,tag,mean uptime,error rate
600,400,40,40,90,10,30,multi-u,731578.7608695652,7.999999999999999
600,400,40,40,20,80,30,multi-u,702074.3026315788,23.999999999999996
600,400,40,40,100,0,30,multi-u,731285.7999999998,5.0
600,400,40,40,80,20,30,multi-u,728835.4105263158,4.999999999999999
600,400,40,40,40,60,30,multi-u,715999.6022727271,12.000000000000002
600,400,40,40,30,70,30,multi-u,709381.5365853659,18.0
600,400,40,40,50,50,30,multi-u,723339.4842105265,4.999999999999998
600,400,40,40,60,40,30,multi-u,723048.3548387097,6.999999999999999
600,400,40,40,70,30,30,multi-u,728342.3684210526,5.0
